{
    "loss": 4.2188239097595215,
    "accuracy": 0.517241358757019
}